repo_full_name,kind,number_or_sha,project_dir,title,linked_issues,kicad_pcb,kicad_sch,kicad_pro,kicad_lines,semantic_lines,body_clean_chars,html_url
AnaviTechnology/anavi-macro-pad-8,commit,76a4e402807614421ed1a53915fb45bf5027c040,,anavi-macro-pad-8: Fix I2C protection resistors,[4],1,1,0,12,12,297,https://github.com/AnaviTechnology/anavi-macro-pad-8/commit/76a4e402807614421ed1a53915fb45bf5027c040
BennetLeff/temper,commit,f6d0a620cd095ba928acd1b18a732a513c1910a7,pcb,"fix(pcb): C7 to (112,206) rot180 — clears the 77mm² C7↔K1 body interpenetration (#1498)","[1471, 1490, 1491]",1,0,0,6,6,4758,https://github.com/BennetLeff/temper/commit/f6d0a620cd095ba928acd1b18a732a513c1910a7
BennetLeff/temper,pull_request,524,pcb,feat(pcb): swap K2 discharge relay to TE Schrack RT314012; K3 blocked on placement,[523],1,0,0,141,124,3242,https://github.com/BennetLeff/temper/pull/524
BennetLeff/temper,pull_request,1498,pcb,"fix(pcb): C7 to (112,206) rot180 — clears the 77mm² C7↔K1 body interpenetration","[1471, 1490]",1,0,0,6,6,3400,https://github.com/BennetLeff/temper/pull/1498
DotBots/DotBot-hardware,commit,b73e312f6ca11aff4dea63c00273092627146340,pcb,#12 Flip header on the template shield.,[12],1,0,0,254,232,130,https://github.com/DotBots/DotBot-hardware/commit/b73e312f6ca11aff4dea63c00273092627146340
EnAccess/OpenSmartMeter,pull_request,123,hardware/pcb_cad_design,Add missing step files,[99],1,0,0,6,6,352,https://github.com/EnAccess/OpenSmartMeter/pull/123
EventAccess/NFCScanner,pull_request,51,hardware/NfcCarrierBoard,3D printed case,[20],1,1,0,336,244,142,https://github.com/EventAccess/NFCScanner/pull/51
Fortinbra/FUSB302Breakout,commit,7487101c4cfb8e0a5863f9c9f28ae7c8b1d1210b,src,Fix wrong footprints on R1/R2/R3 and impossible C6 value,[1],1,1,1,2627,2215,237,https://github.com/Fortinbra/FUSB302Breakout/commit/7487101c4cfb8e0a5863f9c9f28ae7c8b1d1210b
FozzTexx/fujiversal-pcb-prototype,pull_request,2,Bus-proto,M3 mounting holes with ground connection,[1],1,0,1,656,244,583,https://github.com/FozzTexx/fujiversal-pcb-prototype/pull/2
Kampi/BeeLight,pull_request,51,hardware,Task: Issue #49,[49],1,0,0,6,6,505,https://github.com/Kampi/BeeLight/pull/51
M17-Project/LinHT-rf-amp,pull_request,2,,Fix grf5604 footprint,[1],1,1,0,184,92,462,https://github.com/M17-Project/LinHT-rf-amp/pull/2
MobiFlight/mobiflight-pcbs,pull_request,56,prototyping-board,Update labels on prototyp board,[53],1,1,0,394,288,234,https://github.com/MobiFlight/mobiflight-pcbs/pull/56
NabuCasa/yellow,commit,465755b9b152e96b8afda7be8ef802e4cdcfa224,,Fix top right corner radii,[23],1,0,0,10,10,116,https://github.com/NabuCasa/yellow/commit/465755b9b152e96b8afda7be8ef802e4cdcfa224
NabuCasa/yellow,commit,58237e2c45acc560fec0d1d58319cfa305c01d94,,Adjust LED resistors for radio and activity LED,[48],1,3,0,12,12,124,https://github.com/NabuCasa/yellow/commit/58237e2c45acc560fec0d1d58319cfa305c01d94
NabuCasa/yellow,commit,6c89dc15fc83a8ea407dea840df1f28481a3a802,,Update PCB to include latest schematic changes,[27],1,0,0,1233,1233,121,https://github.com/NabuCasa/yellow/commit/6c89dc15fc83a8ea407dea840df1f28481a3a802
NabuCasa/yellow,commit,a1c68ebe8e7b56a7453b0e5d7da802f46eccb87e,,Add CM4 outlines to silkscreen,[50],1,0,0,585,569,100,https://github.com/NabuCasa/yellow/commit/a1c68ebe8e7b56a7453b0e5d7da802f46eccb87e
PyroVision-ThermalCam/Mainboard,commit,7a99d4785a38112f2826de2ec622dc5a3dcfd985,mainboard,Feature: Issue #18,[18],1,1,0,16,16,128,https://github.com/PyroVision-ThermalCam/Mainboard/commit/7a99d4785a38112f2826de2ec622dc5a3dcfd985
TU-Darmstadt-APQ/quips-c-uv-led,commit,1a796fac034a318791997b9d6c7a030aaa774be5,kicad,"added dimensions in user.drawings including PCB size and hole radius (#7), removed H indicators (#8)","[7, 8]",1,0,0,163,111,100,https://github.com/TU-Darmstadt-APQ/quips-c-uv-led/commit/1a796fac034a318791997b9d6c7a030aaa774be5
Tactile-electronics/windmill-electronics,commit,d3652065ca56494ee78d8728e5d05647a701b7ab,renewable-charger,"All connections wired on PCB.  Still needs zones, final position for mounting holes and edges, and some labelling.  Part of #4",[4],1,1,0,700,613,126,https://github.com/Tactile-electronics/windmill-electronics/commit/d3652065ca56494ee78d8728e5d05647a701b7ab
TheThingsIndustries/generic-node-se,pull_request,250,Hardware/pcb-stm32wl,fix: Battery Monitor enable/disable sequence,[248],1,1,0,76,76,945,https://github.com/TheThingsIndustries/generic-node-se/pull/250
Tinkerbug-Robotics/TinkerRocket,commit,237827010f4d4bca482a453ee98e673aa2d48437,hardware/base-station,hardware(base-station): lengthen the 40 MHz clock legs to match the other boards,[704],1,0,0,52,40,1424,https://github.com/Tinkerbug-Robotics/TinkerRocket/commit/237827010f4d4bca482a453ee98e673aa2d48437
Tinkerbug-Robotics/TinkerRocket,commit,38a8ca211920746b56bcc049e70f8373c177fab1,hardware/rocket-computer,hardware: JL212R pyro terminal and a buyable 33 R on both computers (#979),[966],1,2,0,16,16,1625,https://github.com/Tinkerbug-Robotics/TinkerRocket/commit/38a8ca211920746b56bcc049e70f8373c177fab1
Tinkerbug-Robotics/TinkerRocket,commit,38a8ca211920746b56bcc049e70f8373c177fab1,hardware/rocket-computer-mini,hardware: JL212R pyro terminal and a buyable 33 R on both computers (#979),[966],1,2,0,12,12,1625,https://github.com/Tinkerbug-Robotics/TinkerRocket/commit/38a8ca211920746b56bcc049e70f8373c177fab1
Tinkerbug-Robotics/TinkerRocket,commit,bf646f7868b6bc6233f72ea7bbc10049dedcf3b4,hardware/lora-daughterboard,hardware: drop the 24 nH series inductor from all three S3 crystal legs,[704],1,1,0,2878,2097,1558,https://github.com/Tinkerbug-Robotics/TinkerRocket/commit/bf646f7868b6bc6233f72ea7bbc10049dedcf3b4
Tinkerbug-Robotics/TinkerRocket,commit,e2334aad2d8750af78d41d04688d751685fda349,hardware/rocket-computer-mini,"hardware(mini): U5's perimeter joints are castellated, not blind (#960) (#991)",[960],1,0,0,28,28,6581,https://github.com/Tinkerbug-Robotics/TinkerRocket/commit/e2334aad2d8750af78d41d04688d751685fda349
Tinkerbug-Robotics/TinkerRocket,commit,e82125d7ef691d137adc838c053989ff39bec068,hardware/rocket-computer,"hardware: P4 CHIP_PU cap 100nF -> 1uF (#665, P4 half) + #657 block tidy","[657, 665]",1,1,0,1629,1120,850,https://github.com/Tinkerbug-Robotics/TinkerRocket/commit/e82125d7ef691d137adc838c053989ff39bec068
Tinkerbug-Robotics/TinkerRocket,commit,edef97e7cfe0f62e66d90c6e89ba15fb602df408,hardware/rocket-computer,"hardware(rocket-computer): eFuse ILIM 100R -> 127R, min limit >= 10 A (#658)",[658],1,1,0,191,128,1395,https://github.com/Tinkerbug-Robotics/TinkerRocket/commit/edef97e7cfe0f62e66d90c6e89ba15fb602df408
Tinkerbug-Robotics/TinkerRocket,pull_request,602,hardware/gnss-sam10m8-18mm-hv,hardware: correct and add board names on silkscreen,[596],1,0,0,13,8,3254,https://github.com/Tinkerbug-Robotics/TinkerRocket/pull/602
Tinkerbug-Robotics/TinkerRocket,pull_request,602,hardware/servo-adapter,hardware: correct and add board names on silkscreen,[596],1,0,0,13,8,3254,https://github.com/Tinkerbug-Robotics/TinkerRocket/pull/602
Tinkerbug-Robotics/TinkerRocket,pull_request,689,hardware/rocket-computer,"hardware: P4 CHIP_PU cap 100nF -> 1uF (#665, P4 half) + #657 block tidy","[657, 665]",1,1,0,1629,1120,1184,https://github.com/Tinkerbug-Robotics/TinkerRocket/pull/689
Tinkerbug-Robotics/TinkerRocket,pull_request,991,hardware/rocket-computer-mini,"hardware(mini): U5's perimeter joints are castellated, not blind (#960)",[960],1,0,0,28,28,4229,https://github.com/Tinkerbug-Robotics/TinkerRocket/pull/991
VanceVagell/kv4p-ht,pull_request,134,pcb/KiCAD/kv4p-ht,Forgot to update LCSC part number for PTT buttons. #88,[88],1,1,0,8,8,142,https://github.com/VanceVagell/kv4p-ht/pull/134
ZSWatch/Dock-HW,commit,b16cb4fd5b5e6f5ff3f08836232294ccad1f4742,dock,"Bug: Issue #73, #74","[73, 74]",1,0,1,32,29,125,https://github.com/ZSWatch/Dock-HW/commit/b16cb4fd5b5e6f5ff3f08836232294ccad1f4742
ZSWatch/Watch-DevKit-HW,commit,d2b21792fba04b32ee89f1631bab4de80096e44a,devkit,Bug: Issue #172,[172],1,1,0,133,103,103,https://github.com/ZSWatch/Watch-DevKit-HW/commit/d2b21792fba04b32ee89f1631bab4de80096e44a
ZSWatch/Watch-DevKit-HW,commit,f5481995c4ff6807e65263dbd563ba9c9970b5ba,devkit,Bug: Issue #172,[172],1,1,0,133,103,103,https://github.com/ZSWatch/Watch-DevKit-HW/commit/f5481995c4ff6807e65263dbd563ba9c9970b5ba
amachronic/echoplayer,commit,a0d0b02d653479aa072a7a9795376822a25c6af3,r1-rev1,R1-Rev1: document errata for SDMMC bus ESD diodes,[27],1,1,0,50,46,224,https://github.com/amachronic/echoplayer/commit/a0d0b02d653479aa072a7a9795376822a25c6af3
amachronic/echoplayer,commit,e14b09d176ed4ae50ebee3c8a1b28d569ed9379b,r1-rev1,Fix incorrect 3.5mm jack pinout,[12],1,1,0,455,283,198,https://github.com/amachronic/echoplayer/commit/e14b09d176ed4ae50ebee3c8a1b28d569ed9379b
amachronic/echoplayer,commit,e14b09d176ed4ae50ebee3c8a1b28d569ed9379b,r1-rev2,Fix incorrect 3.5mm jack pinout,[12],1,0,0,72,12,198,https://github.com/amachronic/echoplayer/commit/e14b09d176ed4ae50ebee3c8a1b28d569ed9379b
andreika-git/hellen-one,commit,a5da2e4e434119020e0df7d370dd62611a0455ff,kicad/modules/hellen1-wbo,"Revert "" #281 CANH and CANL aren`t flipped now""",[281],1,1,0,83,79,109,https://github.com/andreika-git/hellen-one/commit/a5da2e4e434119020e0df7d370dd62611a0455ff
bitaxeorg/bitaxeGamma,commit,f5b4fd93476bd45c44e0a2c26fb1e2a7f3b48769,,shrink the power pads for #4 and switched the BM1387 pin pitch to 0.48mm for #5. still need to fix PCB,"[4, 5]",1,0,0,590,580,102,https://github.com/bitaxeorg/bitaxeGamma/commit/f5b4fd93476bd45c44e0a2c26fb1e2a7f3b48769
bitaxeorg/ultraHex,commit,f5b4fd93476bd45c44e0a2c26fb1e2a7f3b48769,,shrink the power pads for #4 and switched the BM1387 pin pitch to 0.48mm for #5. still need to fix PCB,"[4, 5]",1,0,0,590,580,102,https://github.com/bitaxeorg/ultraHex/commit/f5b4fd93476bd45c44e0a2c26fb1e2a7f3b48769
broncoracing/bcm,pull_request,14,pcb,Correct PCB to fix firmware flashing,[13],1,2,0,31,21,112,https://github.com/broncoracing/bcm/pull/14
butterstick-fpga/butterstick-hardware,commit,c0ff75df19cf4f8fc368981e364972ef69c36872,hardware/ButterStick_r1.0,hardware.r1d0: Update USB0.reset pull,[8],1,16,0,215,165,203,https://github.com/butterstick-fpga/butterstick-hardware/commit/c0ff75df19cf4f8fc368981e364972ef69c36872
chaostreff-flensburg/rakede-pcb,commit,2c009bf3c4ab130cf0525d51dd0c15c69810bef1,ctfl-rakete-tht,close #3: replaced old programming header with a 1x3 horizontal SMD pin socket footprint (don't let the 3D model of it fool you),[3],1,1,1,1523,1078,128,https://github.com/chaostreff-flensburg/rakede-pcb/commit/2c009bf3c4ab130cf0525d51dd0c15c69810bef1
conr2286/PocketFT8Xcvr,commit,8e5c23dcc5e327345d8f72478a269f27723156e4,PocketFT8XcvrHW,Resolve V1.01 PCB is using the Teensy 3.X rather than 4.X audio input network on pin A2 #15,[15],1,1,0,426,22,239,https://github.com/conr2286/PocketFT8Xcvr/commit/8e5c23dcc5e327345d8f72478a269f27723156e4
corygrant/CANBoard,commit,e4960056f3a96a41595177d2a5b736bf1b02c215,CANBoard,Fixed JLCPCB file issues,[9],1,0,1,16,16,151,https://github.com/corygrant/CANBoard/commit/e4960056f3a96a41595177d2a5b736bf1b02c215
dektronics/printalyzer-densitometer,commit,1de35c933c1a4544fae983c460dc6fd71a5b94fa,hardware/main-board,Update footprint origin of FFC connector J3,[43],1,0,0,154,146,422,https://github.com/dektronics/printalyzer-densitometer/commit/1de35c933c1a4544fae983c460dc6fd71a5b94fa
dektronics/printalyzer-densitometer,commit,3042e4d1cdcffc27c15ef8e4fd85de4a4c892dbe,hardware/trans-led-board,Update LED footprints for thermal properties,[22],1,0,0,296,286,390,https://github.com/dektronics/printalyzer-densitometer/commit/3042e4d1cdcffc27c15ef8e4fd85de4a4c892dbe
dektronics/printalyzer-densitometer,commit,517afa6bb47be39404cf6e31f23732326cb7371f,hardware/main-board,Add bulk capacitor to VBUS input,[26],1,1,0,589,550,453,https://github.com/dektronics/printalyzer-densitometer/commit/517afa6bb47be39404cf6e31f23732326cb7371f
dektronics/printalyzer-densitometer,commit,54bbeac6ca4ad0d9748cbc1ed067c8030e6dedee,hardware/main-board,Initial board panelization and hardware artifact automation,[20],1,0,0,118,88,284,https://github.com/dektronics/printalyzer-densitometer/commit/54bbeac6ca4ad0d9748cbc1ed067c8030e6dedee
dektronics/printalyzer-densitometer,commit,a3cb6a0dfa8ce6755fa5a30e3b27acb50cc9d110,hardware/main-board,Switch TVS diode from uClamp3301H to uClamp0501H,[41],1,1,0,141,140,585,https://github.com/dektronics/printalyzer-densitometer/commit/a3cb6a0dfa8ce6755fa5a30e3b27acb50cc9d110
dektronics/printalyzer-densitometer,commit,de997cc2c7bca21935f63671ddbaef49df873a43,hardware/main-board,Update paste layer settings to optimize on a per-component level,[42],1,0,0,571,505,962,https://github.com/dektronics/printalyzer-densitometer/commit/de997cc2c7bca21935f63671ddbaef49df873a43
dektronics/printalyzer-densitometer,commit,de997cc2c7bca21935f63671ddbaef49df873a43,hardware/trans-led-board,Update paste layer settings to optimize on a per-component level,[42],1,0,1,87,78,962,https://github.com/dektronics/printalyzer-densitometer/commit/de997cc2c7bca21935f63671ddbaef49df873a43
dektronics/printalyzer-timer,commit,033dc8c6d44101bd0d8c869e7d943ff4768db48e,hardware/main-board,Change piezo buzzer component,[86],1,1,0,734,604,503,https://github.com/dektronics/printalyzer-timer/commit/033dc8c6d44101bd0d8c869e7d943ff4768db48e
dektronics/printalyzer-timer,commit,04525bddd052fd82e3205c29b5b9dc34866ddb89,hardware/power-board,Change power switch connector from Mega-Fit to Mini-Fit Jr,[52],1,1,1,596,425,267,https://github.com/dektronics/printalyzer-timer/commit/04525bddd052fd82e3205c29b5b9dc34866ddb89
dektronics/printalyzer-timer,commit,09dd3e7cc9f5e6f20a143e08c2b4d2a64481a89c,hardware/power-board,Initial changes for power board input filtering,[56],1,1,1,3034,2223,300,https://github.com/dektronics/printalyzer-timer/commit/09dd3e7cc9f5e6f20a143e08c2b4d2a64481a89c
dektronics/printalyzer-timer,commit,1abd105449ee4493dd877c6362c73e18d36f03d1,hardware/power-board,Change RS-485 line driver on schematic and PCB,[40],1,1,1,1074,880,164,https://github.com/dektronics/printalyzer-timer/commit/1abd105449ee4493dd877c6362c73e18d36f03d1
dektronics/printalyzer-timer,commit,3c67889593a80ab74b7677714b25ec61a20205a8,hardware/power-board,Change power board mounting hole footprints,[53],1,1,1,572,504,345,https://github.com/dektronics/printalyzer-timer/commit/3c67889593a80ab74b7677714b25ec61a20205a8
dektronics/printalyzer-timer,commit,3d27a1e551fe1830338bf6133040ba732f11506c,hardware/main-board,Cleaned up main board power input,[74],1,1,1,1991,1394,189,https://github.com/dektronics/printalyzer-timer/commit/3d27a1e551fe1830338bf6133040ba732f11506c
dektronics/printalyzer-timer,commit,45aa77958b746a83ae36a276edef4b5f7b59df1f,hardware/main-board,Update display footprint to use snap-in standoffs,[76],1,0,0,134,54,509,https://github.com/dektronics/printalyzer-timer/commit/45aa77958b746a83ae36a276edef4b5f7b59df1f
dektronics/printalyzer-timer,commit,49117bbe09fa1c128ae9779d08768502509311a5,hardware/power-board,Update FL1 footprint for increased pin hole size,[87],1,0,0,42,8,155,https://github.com/dektronics/printalyzer-timer/commit/49117bbe09fa1c128ae9779d08768502509311a5
dektronics/printalyzer-timer,commit,5f0e6f83dca7376fdd0677f310e193ceb41923c9,hardware/power-board,Reduce power board width and clean up some placements,[41],1,0,1,2074,2070,352,https://github.com/dektronics/printalyzer-timer/commit/5f0e6f83dca7376fdd0677f310e193ceb41923c9
dektronics/printalyzer-timer,commit,7d63967c78f88c90a6440f960f9390275d734c31,hardware/power-board,Change DMX connector part from NC5FBH to NC5FAH,[84],1,1,1,553,353,740,https://github.com/dektronics/printalyzer-timer/commit/7d63967c78f88c90a6440f960f9390275d734c31
dektronics/printalyzer-timer,commit,99c86414e9f7896d2c7594eee97116e2bff137b9,hardware/densistick,Add initial panelization and automation bits,[59],1,0,0,702,438,368,https://github.com/dektronics/printalyzer-timer/commit/99c86414e9f7896d2c7594eee97116e2bff137b9
dektronics/printalyzer-timer,commit,99c86414e9f7896d2c7594eee97116e2bff137b9,hardware/main-board,Add initial panelization and automation bits,[59],1,0,0,952,600,368,https://github.com/dektronics/printalyzer-timer/commit/99c86414e9f7896d2c7594eee97116e2bff137b9
dektronics/printalyzer-timer,commit,99c86414e9f7896d2c7594eee97116e2bff137b9,hardware/meter-probe,Add initial panelization and automation bits,[59],1,0,0,587,367,368,https://github.com/dektronics/printalyzer-timer/commit/99c86414e9f7896d2c7594eee97116e2bff137b9
dektronics/printalyzer-timer,commit,99c86414e9f7896d2c7594eee97116e2bff137b9,hardware/power-board,Add initial panelization and automation bits,[59],1,0,0,704,440,368,https://github.com/dektronics/printalyzer-timer/commit/99c86414e9f7896d2c7594eee97116e2bff137b9
dektronics/printalyzer-timer,commit,9a031904bc76e49ca54157187f8c8ba4fb58085c,hardware/densistick,Change DensiStick LED driver wiring,[80],1,1,1,542,378,265,https://github.com/dektronics/printalyzer-timer/commit/9a031904bc76e49ca54157187f8c8ba4fb58085c
dektronics/printalyzer-timer,commit,ab7cbcc31a208cfcb94ad52b01a7722fe0a6347f,hardware/main-board,Remove main board test points,[43],1,1,1,2022,1864,290,https://github.com/dektronics/printalyzer-timer/commit/ab7cbcc31a208cfcb94ad52b01a7722fe0a6347f
dektronics/printalyzer-timer,commit,b23fd0011bcd962c834a809664430283369c44da,hardware/meter-probe,Change bulk input capacitor to 4.7uF and nudge some traces,[65],1,1,0,476,328,176,https://github.com/dektronics/printalyzer-timer/commit/b23fd0011bcd962c834a809664430283369c44da
dektronics/printalyzer-timer,commit,b62689491e2cbb57a9668f446f850e55d20a84ae,hardware/power-board,Tweaked two component footprints on the power board,[68],1,1,1,533,349,206,https://github.com/dektronics/printalyzer-timer/commit/b62689491e2cbb57a9668f446f850e55d20a84ae
dektronics/printalyzer-timer,commit,ca9ecd53c3e58e6d09a18c51b0c13ddc83a76c13,hardware/main-board,Swap main board EEPROM,[44],1,2,0,1332,1257,118,https://github.com/dektronics/printalyzer-timer/commit/ca9ecd53c3e58e6d09a18c51b0c13ddc83a76c13
dektronics/printalyzer-timer,commit,dc987e584296209b9ea947cd987205aeb4c0f6bc,hardware/main-board,First attempt at updating USB connector footprint,[61],1,0,1,436,128,489,https://github.com/dektronics/printalyzer-timer/commit/dc987e584296209b9ea947cd987205aeb4c0f6bc
dojoe/Twonkie,commit,eeef74143107621ed2c17c3c3e8d1488dc9b3e8a,hw,Update USB-C receptacle part,[6],1,1,0,12,12,109,https://github.com/dojoe/Twonkie/commit/eeef74143107621ed2c17c3c3e8d1488dc9b3e8a
engmung/Patternflow,pull_request,191,hardware/pcb/kicad,"v3.0 groundwork: verified board promoted, bed-size cases, BOM, guide draft","[114, 154, 169, 190]",1,1,0,6,6,1334,https://github.com/engmung/Patternflow/pull/191
eshelton328/the-forge,commit,a87fb8a7448b5ee97062004c503a15efdfd8214a,boards/tps63070-breakout,fix: correct TPS63070 symbol pin types and update board docs (#24),[23],1,1,1,593,450,2476,https://github.com/eshelton328/the-forge/commit/a87fb8a7448b5ee97062004c503a15efdfd8214a
eshelton328/the-forge,pull_request,24,boards/tps63070-breakout,fix: correct TPS63070 symbol pin types and update board docs,[23],1,1,1,593,450,813,https://github.com/eshelton328/the-forge/pull/24
fossasia/pslab-mini-hardware,pull_request,58,schematic,Fixing footprints,[56],1,1,0,682,474,427,https://github.com/fossasia/pslab-mini-hardware/pull/58
freesurfer-rge/slothpu,commit,d5de1627de88d7a47ce751dd21993af09c751c86,pcbs/Tester,Fix Tester board (#49),[47],1,2,0,1637,1626,351,https://github.com/freesurfer-rge/slothpu/commit/d5de1627de88d7a47ce751dd21993af09c751c86
freesurfer-rge/slothpu,pull_request,49,pcbs/Tester,Fix Tester board,[47],1,2,0,1637,1626,328,https://github.com/freesurfer-rge/slothpu/pull/49
greatscottgadgets/cynthion-hardware,commit,4d3d526ff647c02fd378f01340b5449008a2568b,,"Connect U4 +1V1 regulator input to +3V3, not +2V5",[9],1,2,0,976,958,442,https://github.com/greatscottgadgets/cynthion-hardware/commit/4d3d526ff647c02fd378f01340b5449008a2568b
huulanka/wisp,commit,16c4fca0d95ff3bd8dce76eaf8e332fe71f8cff9,hardware/kicad,"Investigate GND/+3V3 pour-stitch gaps (#8), close 1 of 26 with verified routing",[8],1,0,0,8,6,1445,https://github.com/huulanka/wisp/commit/16c4fca0d95ff3bd8dce76eaf8e332fe71f8cff9
jostsalathe/ctfl-rakete-pcb,commit,2c009bf3c4ab130cf0525d51dd0c15c69810bef1,ctfl-rakete-tht,close #3: replaced old programming header with a 1x3 horizontal SMD pin socket footprint (don't let the 3D model of it fool you),[3],1,1,1,1523,1078,128,https://github.com/jostsalathe/ctfl-rakete-pcb/commit/2c009bf3c4ab130cf0525d51dd0c15c69810bef1
jrsteensen/OpenHornet,commit,cbd3a8d2b94fde9d1af5b288b04dab8aa95fb0d0,ECAD/PCBs/Backlight PCBs/Backlighting_Type A/SELECT JETT PANEL,KiCad 7 Transition: HUD Panel + SEL JETT Update,"[691, 692]",1,0,0,568,466,454,https://github.com/jrsteensen/OpenHornet/commit/cbd3a8d2b94fde9d1af5b288b04dab8aa95fb0d0
kmatzen/millennium,commit,5e4eb6824255c59e9a91cedba0290d32a415a0fa,pcb,"pcb: Rename power nets 5v→5V_MAIN, 12v→12V_COIN (fixes #69)",[69],1,1,0,76,76,148,https://github.com/kmatzen/millennium/commit/5e4eb6824255c59e9a91cedba0290d32a415a0fa
kmatzen/millennium,pull_request,77,pcb,"pcb: Rename power nets 5v→5V_MAIN, 12v→12V_COIN",[69],1,1,0,76,76,382,https://github.com/kmatzen/millennium/pull/77
larus-breeze/hw_sensor,commit,69ef5596494719a7c5f3796ee7b896bfbfadf5bd,pcb,added keep out areas below potential cut lines (closed solder jumpers) to reduce short circuit risks. Added solder jumper to optionally switch to the old can pinout configuration  #4,[4],1,1,1,1297,1205,182,https://github.com/larus-breeze/hw_sensor/commit/69ef5596494719a7c5f3796ee7b896bfbfadf5bd
lukasznowarkiewicz/M2SmartHome,commit,9a6ca06cb923f604717bb79db3bcf286fa34a57a,hardware-electronics,[#20] PCB correct internal planes under edge connector according to figure 97 in PCIe M.2 electromechacnial specification,[20],1,0,0,651,651,121,https://github.com/lukasznowarkiewicz/M2SmartHome/commit/9a6ca06cb923f604717bb79db3bcf286fa34a57a
maxisimonazzi/Azukar-FPGA,commit,0a4ff0e3153adc690e448a29f0f0f9d54ac0d695,project,"Eliminar mensaje de error - Issue #8. Mejora en algunas trazas del PCB, eliminacion de algunas vias ordenando mejor los componentes.",[8],1,3,0,846,535,132,https://github.com/maxisimonazzi/Azukar-FPGA/commit/0a4ff0e3153adc690e448a29f0f0f9d54ac0d695
nielsverhoeven/PoE-FanController,commit,09872f558c8165f3d16d78b971430c2e4f659615,hardware/kicad,hw+fw: add orange prog/OTA LED (issue #89),[89],1,1,0,707,502,618,https://github.com/nielsverhoeven/PoE-FanController/commit/09872f558c8165f3d16d78b971430c2e4f659615
nielsverhoeven/PoE-FanController,commit,1a0bf7b55cb96e623b31f1919cb5b24cdab21536,hardware/kicad,hw: replace all 0402 resistors with 0805 for hand-solderability (issue #90),[90],1,1,0,452,432,509,https://github.com/nielsverhoeven/PoE-FanController/commit/1a0bf7b55cb96e623b31f1919cb5b24cdab21536
nielsverhoeven/PoE-FanController,commit,3f1f1db49d19322b0f904754f7fe9386dd2b0785,hardware/kicad,"hw(layout,drc): fix U_BOOST placement/routing; DRC 0 errors (T006+T007)",[184],1,0,0,1374,1180,1172,https://github.com/nielsverhoeven/PoE-FanController/commit/3f1f1db49d19322b0f904754f7fe9386dd2b0785
nielsverhoeven/PoE-FanController,commit,3f8e5697cb77015ed7a8bafdca938ce2c48df874,hardware/kicad,"hw(pcb): T001+T002 — delete legacy traces; reposition J8 to x=25.50mm + move J6/components to correct zones (#166, #167)","[148, 166, 167]",1,0,0,874,664,606,https://github.com/nielsverhoeven/PoE-FanController/commit/3f8e5697cb77015ed7a8bafdca938ce2c48df874
nielsverhoeven/PoE-FanController,commit,4e748ea6db9a67b50f94d0e0721e90a7753b9895,hardware/kicad,hw(pcb): T004 — route all PCB traces on corrected right-column layout,"[148, 153]",1,0,0,1000,750,896,https://github.com/nielsverhoeven/PoE-FanController/commit/4e748ea6db9a67b50f94d0e0721e90a7753b9895
nielsverhoeven/PoE-FanController,commit,6f8b905e63a310fa9a67fdc973318f9555ae7e0e,hardware/kicad,"hw(pcb): portrait layout 42x78mm, J8 repositioned per constitution v3.1.0",[75],1,0,1,1047,895,765,https://github.com/nielsverhoeven/PoE-FanController/commit/6f8b905e63a310fa9a67fdc973318f9555ae7e0e
nielsverhoeven/PoE-FanController,commit,8a3d6895dbb967328b5423892eb38c76f7807cfe,hardware/kicad,hw(sch): move 5V power source from J8 pin 39 (VSYS) to pin 40 (VBUS) (#138),[137],1,1,1,647,647,1400,https://github.com/nielsverhoeven/PoE-FanController/commit/8a3d6895dbb967328b5423892eb38c76f7807cfe
nielsverhoeven/PoE-FanController,commit,92e5391362628953e8981161f7671e1edb59306a,hardware/kicad,hw(pcb): remap J8 pads to consecutive layout (issue #133),[133],1,0,0,315,239,544,https://github.com/nielsverhoeven/PoE-FanController/commit/92e5391362628953e8981161f7671e1edb59306a
nielsverhoeven/PoE-FanController,commit,92e69c7dab3576d3d744fe9c62401113ac47f6da,hardware/kicad,hw(pcb): fix DRC violations from ESP32-P4 layout -- J1 footprint + placement (#40),[40],1,1,0,347,246,2400,https://github.com/nielsverhoeven/PoE-FanController/commit/92e69c7dab3576d3d744fe9c62401113ac47f6da
nielsverhoeven/PoE-FanController,commit,b58334002b1ec606df897aec4962960e85ac7f19,hardware/kicad,hw(pcb): T003 — sync PCB J8 pad nets to corrected assignments,"[148, 152]",1,0,0,789,599,589,https://github.com/nielsverhoeven/PoE-FanController/commit/b58334002b1ec606df897aec4962960e85ac7f19
nielsverhoeven/PoE-FanController,commit,b87e3a20597e4f384c7486020fdddbfae7d0756d,hardware/kicad,pcb: route all nets using MST-based L-shape routing,[83],1,0,0,1240,930,729,https://github.com/nielsverhoeven/PoE-FanController/commit/b87e3a20597e4f384c7486020fdddbfae7d0756d
nielsverhoeven/PoE-FanController,commit,fa6f94df34b04ca562c6f43b6edd90c5ac8253a2,hardware/kicad,hw(pcb): use Custom:RJ45_Wuerth_615008144521 footprint to fix lib_footprint_issues (#40),[40],1,1,0,13,12,766,https://github.com/nielsverhoeven/PoE-FanController/commit/fa6f94df34b04ca562c6f43b6edd90c5ac8253a2
nielsverhoeven/PoE-FanController,pull_request,32,hardware/kicad,fix(hardware): complete schematic-readability gaps -- NTC_ADC fix and ERC JSON refresh,[25],1,1,0,2637,1858,1364,https://github.com/nielsverhoeven/PoE-FanController/pull/32
nielsverhoeven/PoE-FanController,pull_request,39,hardware/kicad,"CI: fix broken workflows — KiCad PPA, release.yml leftover, Node.js 20 deprecation, copilot-setup-steps",[33],1,1,1,3039,2260,1100,https://github.com/nielsverhoeven/PoE-FanController/pull/39
nielsverhoeven/PoE-FanController,pull_request,79,hardware/kicad,fix(hw): sync PCB footprint paths — U_BOOST no longer unplaced after F8 (issue #77),[77],1,1,1,523,465,1247,https://github.com/nielsverhoeven/PoE-FanController/pull/79
nielsverhoeven/PoE-FanController,pull_request,80,hardware/kicad,hw(pcb): even fan header spacing,[78],1,0,0,72,72,525,https://github.com/nielsverhoeven/PoE-FanController/pull/80
nielsverhoeven/PoE-FanController,pull_request,92,hardware/kicad,hw+fw: orange prog/OTA LED (issue #89),[89],1,1,0,707,502,785,https://github.com/nielsverhoeven/PoE-FanController/pull/92
nielsverhoeven/PoE-FanController,pull_request,134,hardware/kicad,fix(hw): correct J8 pin layout to consecutive columns (#133),[133],1,1,1,1221,1090,1041,https://github.com/nielsverhoeven/PoE-FanController/pull/134
nielsverhoeven/PoE-FanController,pull_request,136,hardware/kicad,feat: replace NTC1 thermistor with DHT11 temperature+humidity sensor (#135),[135],1,1,0,969,701,854,https://github.com/nielsverhoeven/PoE-FanController/pull/136
nielsverhoeven/PoE-FanController,pull_request,138,hardware/kicad,hw(sch): move 5V power source from J8 pin 39 (VSYS) to pin 40 (VBUS),[137],1,1,1,647,647,552,https://github.com/nielsverhoeven/PoE-FanController/pull/138
oaslananka/kicad-studio-kit,pull_request,92,examples/led-basic,docs(test): define quality gate strategy,[36],1,1,0,1904,656,2542,https://github.com/oaslananka/kicad-studio-kit/pull/92
ohmtech-rdi/eurorack-blocks,pull_request,384,boards/kivu12/hardware,Pretty net names,[374],1,0,0,868,868,141,https://github.com/ohmtech-rdi/eurorack-blocks/pull/384
open-ephys/ephys-test-board,pull_request,45,pcb,Add bypass for battery protection circuit,[41],1,1,1,693,499,112,https://github.com/open-ephys/ephys-test-board/pull/45
open-ephys/onix-headstage-rhs2116,commit,ba2b25deefb6f5ab58912827e0176de6d206ec3d,pcb,Minor routing changes,[2],1,2,0,115,103,102,https://github.com/open-ephys/onix-headstage-rhs2116/commit/ba2b25deefb6f5ab58912827e0176de6d206ec3d
rjwalters/kicad-tools,commit,16bbaf6753867db7923751bd7196f8c3babccc5e,boards/03-usb-joystick/output,fix(board-03): place crystal on MCU XTAL-pin side (closes #2918) (#2924),"[2744, 2918, 2919, 2940, 2943]",2,0,0,1380,974,6779,https://github.com/rjwalters/kicad-tools/commit/16bbaf6753867db7923751bd7196f8c3babccc5e
rjwalters/kicad-tools,commit,1be7e07f0f682d602306b5179cf73d3077372402,boards/06-diffpair-test/output,fix(router): pathfinder honors diff-pair corridor reservations (closes #2911) (#2938),"[2661, 2677, 2911, 2912]",1,0,0,358,38,5704,https://github.com/rjwalters/kicad-tools/commit/1be7e07f0f682d602306b5179cf73d3077372402
rjwalters/kicad-tools,commit,37876dc28ac6475953b7376c83ca21b4eff8e9ae,boards/04-stm32-devboard/output,"feat(router,board-04): --micro-via stitch + --strict-in-pad-clearance opt-in (closes #3033) (#3038)",[3033],2,1,0,1020,608,6588,https://github.com/rjwalters/kicad-tools/commit/37876dc28ac6475953b7376c83ca21b4eff8e9ae
rjwalters/kicad-tools,commit,82a9525ec6d0004ff10d6a30b2d180fec8660301,boards/00-simple-led/output,feat(pcb): auto-size drawing sheet to board + center (page_fit) (#3715),"[3509, 3714]",1,0,0,38,36,5168,https://github.com/rjwalters/kicad-tools/commit/82a9525ec6d0004ff10d6a30b2d180fec8660301
rjwalters/kicad-tools,commit,82a9525ec6d0004ff10d6a30b2d180fec8660301,boards/01-voltage-divider/output,feat(pcb): auto-size drawing sheet to board + center (page_fit) (#3715),"[3509, 3714]",1,0,0,82,80,5168,https://github.com/rjwalters/kicad-tools/commit/82a9525ec6d0004ff10d6a30b2d180fec8660301
rjwalters/kicad-tools,pull_request,2698,boards/05-bldc-motor-controller/output,fix(board-05): re-tune placement for 35-net density (courtyard + fanout),"[2681, 2682]",1,0,0,350,238,4905,https://github.com/rjwalters/kicad-tools/pull/2698
rjwalters/kicad-tools,pull_request,2716,boards/01-voltage-divider/output,"feat: bump PCB writer to KiCad 10 format (version 20260206, generator_version 10.0)","[2672, 2677, 2707]",2,1,0,2468,1560,5131,https://github.com/rjwalters/kicad-tools/pull/2716
rjwalters/kicad-tools,pull_request,2716,boards/02-charlieplex-led/output,"feat: bump PCB writer to KiCad 10 format (version 20260206, generator_version 10.0)","[2672, 2677, 2707]",2,1,0,1510,956,5131,https://github.com/rjwalters/kicad-tools/pull/2716
rjwalters/kicad-tools,pull_request,2716,boards/06-diffpair-test/output,"feat: bump PCB writer to KiCad 10 format (version 20260206, generator_version 10.0)","[2672, 2677, 2707]",2,1,0,838,386,5131,https://github.com/rjwalters/kicad-tools/pull/2716
rjwalters/kicad-tools,pull_request,2767,boards/06-diffpair-test/output,fix(router): block pad-metal cells from chamfering + surface skipped-pour-net pad clearance violations,"[2660, 2677, 2755, 2756, 2757, 2758]",1,0,0,356,48,7209,https://github.com/rjwalters/kicad-tools/pull/2767
rjwalters/kicad-tools,pull_request,2924,boards/03-usb-joystick/output,fix(board-03): place crystal on MCU XTAL-pin side (closes #2918),"[2918, 2919, 2923, 2940]",2,0,0,1380,974,8146,https://github.com/rjwalters/kicad-tools/pull/2924
rjwalters/kicad-tools,pull_request,2938,boards/06-diffpair-test/output,fix(router): pathfinder honors diff-pair corridor reservations (closes #2911),"[2661, 2677, 2911, 2912]",1,0,0,358,38,5817,https://github.com/rjwalters/kicad-tools/pull/2938
rjwalters/kicad-tools,pull_request,2954,boards/03-usb-joystick/output,fix(board-03): nudge J2 west 2mm to clear JOY_Y channel (closes #2943),"[2918, 2919, 2943]",2,0,0,1846,1206,6575,https://github.com/rjwalters/kicad-tools/pull/2954
rjwalters/kicad-tools,pull_request,3038,boards/04-stm32-devboard/output,"feat(router,board-04): --micro-via stitch + --strict-in-pad-clearance opt-in (closes #3033)",[3033],2,1,0,1020,608,7646,https://github.com/rjwalters/kicad-tools/pull/3038
rjwalters/kicad-tools,pull_request,3537,boards/01-voltage-divider/output,fix(router): 45° quantization in post-route mutation passes (closes #3532),"[3495, 3530, 3532, 3535, 3545]",1,0,0,60,48,7060,https://github.com/rjwalters/kicad-tools/pull/3537
rjwalters/kicad-tools,pull_request,3537,boards/02-charlieplex-led/output,fix(router): 45° quantization in post-route mutation passes (closes #3532),"[3495, 3530, 3532, 3535, 3545]",1,0,0,420,336,7060,https://github.com/rjwalters/kicad-tools/pull/3537
rjwalters/kicad-tools,pull_request,3537,boards/03-usb-joystick/output,fix(router): 45° quantization in post-route mutation passes (closes #3532),"[3495, 3530, 3532, 3535, 3545]",1,0,0,340,272,7060,https://github.com/rjwalters/kicad-tools/pull/3537
rjwalters/kicad-tools,pull_request,3537,boards/04-stm32-devboard/output,fix(router): 45° quantization in post-route mutation passes (closes #3532),"[3495, 3530, 3532, 3535, 3545]",1,0,0,310,244,7060,https://github.com/rjwalters/kicad-tools/pull/3537
rjwalters/kicad-tools,pull_request,3537,boards/05-bldc-motor-controller/output,fix(router): 45° quantization in post-route mutation passes (closes #3532),"[3495, 3530, 3532, 3535, 3545]",1,0,0,1092,872,7060,https://github.com/rjwalters/kicad-tools/pull/3537
rjwalters/kicad-tools,pull_request,3537,boards/06-diffpair-test/output,fix(router): 45° quantization in post-route mutation passes (closes #3532),"[3495, 3530, 3532, 3535, 3545]",1,0,0,560,448,7060,https://github.com/rjwalters/kicad-tools/pull/3537
sabas0ba/kicad_skills,pull_request,21,examples/motor-driver/reviewed,"Fix the pour rules' via merging, the tapered and chamfered pad masks, and the rim stitcher","[19, 20]",1,0,0,912,314,6956,https://github.com/sabas0ba/kicad_skills/pull/21
sabas0ba/kicad_skills,pull_request,21,examples/opamp-filter/reviewed,"Fix the pour rules' via merging, the tapered and chamfered pad masks, and the rim stitcher","[19, 20]",1,0,0,798,212,6956,https://github.com/sabas0ba/kicad_skills/pull/21
sabas0ba/kicad_skills,pull_request,21,examples/pico-carrier/reviewed,"Fix the pour rules' via merging, the tapered and chamfered pad masks, and the rim stitcher","[19, 20]",1,0,0,670,328,6956,https://github.com/sabas0ba/kicad_skills/pull/21
scottbez1/smartknob,commit,5316810d83d51b228a918e90d30ca8a9d04191c4,electronics/view_screen,"Remove ""service loop"" silkscreen marks from screen pcb","[10, 11]",1,0,0,508,486,266,https://github.com/scottbez1/smartknob/commit/5316810d83d51b228a918e90d30ca8a9d04191c4
solderparty/flexypin_adapters_hw,pull_request,3,ESP32-C3-WROOM_flexypin,Backport to KiCad v6 stable,[2],1,1,0,148,144,848,https://github.com/solderparty/flexypin_adapters_hw/pull/3
solderparty/flexypin_adapters_hw,pull_request,3,ESP32-S2_S3-WROOM_flexypin,Backport to KiCad v6 stable,[2],1,1,0,154,150,848,https://github.com/solderparty/flexypin_adapters_hw/pull/3
solderparty/flexypin_adapters_hw,pull_request,3,ESP32-WROOM_flexypin,Backport to KiCad v6 stable,[2],1,0,0,148,146,848,https://github.com/solderparty/flexypin_adapters_hw/pull/3
solderparty/flexypin_adapters_hw,pull_request,3,RFM9x_flexypin,Backport to KiCad v6 stable,[2],1,0,0,136,134,848,https://github.com/solderparty/flexypin_adapters_hw/pull/3
spacelab-ufsc/pc104-adapter,commit,72978706ff397f3ddf600666e1ed5b88997e9526,,bottom-board: layout: Fixing the PC-104 outline (silk screen) and adding a label with the board name and version #3,[3],1,0,0,859,834,115,https://github.com/spacelab-ufsc/pc104-adapter/commit/72978706ff397f3ddf600666e1ed5b88997e9526
spacelab-ufsc/slcam,commit,f988e8f148d8378fffdb8ef196c04ce509d785f3,hardware,hardware: Adding the project name/version and the SpaceLab logo to the PCB #23 #29 closes #38 closes #42,"[23, 29, 38, 42]",1,0,0,830,822,104,https://github.com/spacelab-ufsc/slcam/commit/f988e8f148d8378fffdb8ef196c04ce509d785f3
sporniket/kicad-conversions--thomson-mo5--v1,commit,49f1bb90835dbcb30fe2be444fdeb0413e2652f3,,Issue #1 -- Small corrections for beta2 -- exclude copper pour around internal mounting holes (front layer),[1],1,0,0,370,364,107,https://github.com/sporniket/kicad-conversions--thomson-mo5--v1/commit/49f1bb90835dbcb30fe2be444fdeb0413e2652f3
sporniket/kicad-conversions--thomson-mo5--v1,commit,71a3cfcf3dcfeb7a5c40fab19e24c7a8c1f313b6,,"Issue #1 -- Small corrections for beta2 -- tweak the width of the pads of the extension connector, from 2mm to 1.5mm",[1],1,1,0,569,485,116,https://github.com/sporniket/kicad-conversions--thomson-mo5--v1/commit/71a3cfcf3dcfeb7a5c40fab19e24c7a8c1f313b6
sporniket/kicad-conversions--thomson-mo5--v1,commit,98fa3b447d7a410515cba9e2ffb4e083ef20c325,,Issue #2 -- Small enhancements for beta2 -- enlarge vias for modding cartridge port to get E and R/W + fixes DRC,[2],1,0,0,414,414,112,https://github.com/sporniket/kicad-conversions--thomson-mo5--v1/commit/98fa3b447d7a410515cba9e2ffb4e083ef20c325
sporniket/kicad-conversions--thomson-mo5--v1,commit,a3978f9ad53fd90786608acb07101e1149e397d4,,Issue #1 -- Small corrections for beta2 -- prevent a small copper pour of GND inside the extension connector,[1],1,0,1,162,159,108,https://github.com/sporniket/kicad-conversions--thomson-mo5--v1/commit/a3978f9ad53fd90786608acb07101e1149e397d4
sporniket/kicad-conversions--thomson-mo5--v1,commit,cdae1cfef9f894704dd05383b2d2f32c0030a9e3,,"Issue #1 -- Small corrections for beta2 -- wider lateral chamfers for extension connector, set to 1mm along x and y axis",[1],1,0,0,10,10,120,https://github.com/sporniket/kicad-conversions--thomson-mo5--v1/commit/cdae1cfef9f894704dd05383b2d2f32c0030a9e3
starlightk7/OpenSFC,commit,4c84839f8d908c02b13626e36dcee8eb9483463d,Front Panels/TCMK-81X CCK-N10/Rev A,Fix Issue #4: SFC Controller Board LED Footprint,[4],1,0,1,905,621,414,https://github.com/starlightk7/OpenSFC/commit/4c84839f8d908c02b13626e36dcee8eb9483463d
sufst/pcb,pull_request,57,vcu,fix(vcu): drive output optocoupler signals at 12V instead of 3.3V,[55],1,5,0,251,177,442,https://github.com/sufst/pcb/pull/57
sufst/pcb,pull_request,81,hv-sense,release(hvs): v1.1.0,[80],1,0,1,34,30,325,https://github.com/sufst/pcb/pull/81
v3l0c1r4pt0r/ucm4,commit,f6d526cdec464bf47ae0955d23543a071a667ce2,,Change location of TP5,[1],1,0,0,12,12,228,https://github.com/v3l0c1r4pt0r/ucm4/commit/f6d526cdec464bf47ae0955d23543a071a667ce2
z5labs/devex,pull_request,178,daggerverse/kicad/tests/fixtures/blinky,story(issue-159): add kicad -full image and long-tail exports,"[156, 159]",1,0,0,11,7,2516,https://github.com/z5labs/devex/pull/178
